<?xml version="1.0" encoding="UTF-8"?>
<project-private xmlns="http://www.netbeans.org/ns/project-private/1">
    <editor-bookmarks xmlns="http://www.netbeans.org/ns/editor-bookmarks/2" lastBookmarkId="0"/>
    <open-files xmlns="http://www.netbeans.org/ns/projectui-open-files/2">
        <group>
            <file>file:/C:/Users/leoco/Documents/Git/Mars/src/help/SyscallHelp.html</file>
            <file>file:/C:/Users/leoco/Documents/Git/Mars/src/mars/tools/AbstractMarsToolAndApplication.java</file>
            <file>file:/C:/Users/leoco/Documents/Git/Mars/src/mars/tools/KeyboardAndDisplaySimulator.java</file>
            <file>file:/C:/Users/leoco/Documents/Git/Mars/src/mars/venus/VenusUI.java</file>
            <file>file:/C:/Users/leoco/Documents/Git/Mars/src/mars/Settings.java</file>
            <file>file:/C:/Users/leoco/Documents/Git/Mars/src/mars/tools/BitmapDisplay.java</file>
        </group>
    </open-files>
</project-private>
